Variable,Main Effects,Total Effects
longitude,-0.42925032144698905,1.2778068628790442
latitude,-0.33000475057318474,1.08086469335647
temp,-0.3263046467075686,1.2525912248784508
pressure,-0.36884683419620456,0.8016236757372057
humidity,-0.28045974366843945,1.062402575284448
clouds_all,0.917611319484902,-0.2553509755133004
wind_deg,-0.506943404486321,0.9512646800196173
wind_speed,-0.4346150100699934,0.6217628326809741
